role,pair_id,chunk_size_chars,overlap_chars,chunk_id,joint_evidence_preserved,cosine_to_query,pc1,pc2
verification_query,wm01,,,,,1.0,-0.68815708,0.18562315
verification_query,wm02,,,,,1.0,-0.6631043,0.17508991
verification_query,wm03,,,,,1.0,-0.66677797,0.12283467
verification_query,wm04,,,,,1.0,-0.71480161,0.09203538
verification_query,wm05,,,,,1.0,-0.69039965,0.18191311
verification_query,wm06,,,,,1.0,-0.68554062,0.21288709
verification_query,wm07,,,,,1.0,-0.68042809,0.11218911
verification_query,wm08,,,,,1.0,-0.69830984,0.18136469
verification_query,wm09,,,,,1.0,-0.69915593,0.11205716
verification_query,wm10,,,,,1.0,-0.67885065,0.19122452
verification_query,wm11,,,,,1.0,-0.65825164,0.1899558
verification_query,wm12,,,,,1.0,-0.70084476,0.15014778
verification_query,wm13,,,,,1.0,-0.71561468,0.14429834
verification_query,wm14,,,,,1.0,-0.61051828,0.17848381
verification_query,wm15,,,,,1.0,-0.6129176,0.14176604
verification_query,wm16,,,,,1.0,-0.62300873,0.17980139
verification_query,wm17,,,,,1.0,-0.73530614,0.13893424
verification_query,wm18,,,,,1.0,-0.71436286,0.19649197
verification_query,wm19,,,,,1.0,-0.69860011,0.16275883
verification_query,wm20,,,,,1.0,-0.68231034,0.2062377
trigger_fragment,wm01,256,0,chunk-ablation-wm01#chunk-000,False,0.61672157,0.13054508,0.11939973
code_fragment,wm01,256,0,chunk-ablation-wm01#chunk-001,False,0.55305028,-0.04071504,-0.27919209
joint_evidence,wm02,256,0,chunk-ablation-wm02#chunk-001,True,0.85020077,-0.27531713,-0.03478299
joint_evidence,wm03,256,0,chunk-ablation-wm03#chunk-001,True,0.67635512,0.02890841,-0.07363233
trigger_fragment,wm04,256,0,chunk-ablation-wm04#chunk-001,False,0.58886373,0.10337429,-0.02881513
code_fragment,wm04,256,0,chunk-ablation-wm04#chunk-002,False,0.5770849,-0.17938469,-0.25047803
trigger_fragment,wm05,256,0,chunk-ablation-wm05#chunk-001,False,0.54253483,0.16826347,0.06248403
code_fragment,wm05,256,0,chunk-ablation-wm05#chunk-002,False,0.59582901,-0.13248751,-0.31958285
joint_evidence,wm06,256,0,chunk-ablation-wm06#chunk-002,True,0.5838623,0.09671733,0.14817061
joint_evidence,wm07,256,0,chunk-ablation-wm07#chunk-002,True,0.58735788,0.09825287,-0.00465039
trigger_fragment,wm08,256,0,chunk-ablation-wm08#chunk-002,False,0.56480271,0.14790913,0.15597773
code_fragment,wm08,256,0,chunk-ablation-wm08#chunk-003,False,0.51170069,-0.02869094,-0.28171581
joint_evidence,wm09,256,0,chunk-ablation-wm09#chunk-003,True,0.79198647,-0.20213014,-0.16372296
joint_evidence,wm10,256,0,chunk-ablation-wm10#chunk-003,True,0.64800167,0.07123195,0.0298527
trigger_fragment,wm11,256,0,chunk-ablation-wm11#chunk-003,False,0.62440223,0.08847688,0.0098229
code_fragment,wm11,256,0,chunk-ablation-wm11#chunk-004,False,0.57544351,-0.09387679,-0.23187844
trigger_fragment,wm12,256,0,chunk-ablation-wm12#chunk-003,False,0.61300653,0.08638074,0.09197344
code_fragment,wm12,256,0,chunk-ablation-wm12#chunk-004,False,0.56037855,-0.16015878,-0.34902138
joint_evidence,wm13,256,0,chunk-ablation-wm13#chunk-004,True,0.4926739,0.12456153,0.18530664
joint_evidence,wm14,256,0,chunk-ablation-wm14#chunk-004,True,0.67561638,0.10816614,0.10480805
trigger_fragment,wm15,256,0,chunk-ablation-wm15#chunk-004,False,0.58708447,0.20514116,0.16534671
code_fragment,wm15,256,0,chunk-ablation-wm15#chunk-005,False,0.56917363,-0.04370388,-0.28825969
trigger_fragment,wm16,256,0,chunk-ablation-wm16#chunk-004,False,0.62702549,0.16350894,0.21462688
code_fragment,wm16,256,0,chunk-ablation-wm16#chunk-005,False,0.59678155,-0.15652423,-0.30363584
joint_evidence,wm17,256,0,chunk-ablation-wm17#chunk-005,True,0.71314502,-0.06316671,0.01541424
trigger_fragment,wm18,256,0,chunk-ablation-wm18#chunk-005,False,0.68326807,0.00442972,0.05994434
code_fragment,wm18,256,0,chunk-ablation-wm18#chunk-006,False,0.61161864,-0.10797589,-0.12035519
trigger_fragment,wm19,256,0,chunk-ablation-wm19#chunk-005,False,0.54923689,0.14524838,0.09265971
code_fragment,wm19,256,0,chunk-ablation-wm19#chunk-006,False,0.57291567,-0.09108049,-0.33573559
joint_evidence,wm20,256,0,chunk-ablation-wm20#chunk-006,True,0.67754626,-0.00202139,0.10667317
joint_evidence,wm01,256,64,chunk-ablation-wm01#chunk-001,True,0.78014302,-0.20694932,-0.13187066
joint_evidence,wm02,256,64,chunk-ablation-wm02#chunk-001,True,0.71100569,0.00770379,0.00590162
trigger_fragment,wm03,256,64,chunk-ablation-wm03#chunk-001,False,0.6828692,0.02834278,-0.02509101
code_fragment,wm03,256,64,chunk-ablation-wm03#chunk-002,False,0.60282987,-0.12331316,-0.34278798
joint_evidence,wm04,256,64,chunk-ablation-wm04#chunk-002,True,0.72332656,-0.09388325,-0.04290033
joint_evidence,wm05,256,64,chunk-ablation-wm05#chunk-002,True,0.66560984,0.03659857,-0.052527
trigger_fragment,wm06,256,64,chunk-ablation-wm06#chunk-002,False,0.63888276,0.08986287,0.12498826
code_fragment,wm06,256,64,chunk-ablation-wm06#chunk-003,False,0.60116959,-0.17636451,-0.30835715
joint_evidence,wm07,256,64,chunk-ablation-wm07#chunk-003,True,0.59124005,0.0570141,-0.04413299
trigger_fragment,wm08,256,64,chunk-ablation-wm08#chunk-003,False,0.66491491,0.02608644,-0.0175059
code_fragment,wm08,256,64,chunk-ablation-wm08#chunk-004,False,0.51170069,-0.02869094,-0.28171581
joint_evidence,wm09,256,64,chunk-ablation-wm09#chunk-004,True,0.79198647,-0.20213014,-0.16372296
joint_evidence,wm10,256,64,chunk-ablation-wm10#chunk-004,True,0.64800167,0.07123195,0.0298527
trigger_fragment,wm11,256,64,chunk-ablation-wm11#chunk-004,False,0.62440223,0.08847688,0.0098229
code_fragment,wm11,256,64,chunk-ablation-wm11#chunk-005,False,0.56974864,-0.11634481,-0.36056694
joint_evidence,wm12,256,64,chunk-ablation-wm12#chunk-005,True,0.69902706,-0.1070034,-0.10790873
joint_evidence,wm13,256,64,chunk-ablation-wm13#chunk-005,True,0.68167782,-0.03470425,-0.06848818
trigger_fragment,wm14,256,64,chunk-ablation-wm14#chunk-005,False,0.67864698,0.10371812,0.1260995
code_fragment,wm14,256,64,chunk-ablation-wm14#chunk-006,False,0.63063323,-0.1571165,-0.32279217
joint_evidence,wm15,256,64,chunk-ablation-wm15#chunk-006,True,0.65988934,0.09978729,0.01219266
trigger_fragment,wm16,256,64,chunk-ablation-wm16#chunk-006,False,0.70564485,0.03099467,-0.02312985
code_fragment,wm16,256,64,chunk-ablation-wm16#chunk-007,False,0.49841928,-0.01746406,-0.27943894
joint_evidence,wm17,256,64,chunk-ablation-wm17#chunk-007,True,0.79342723,-0.27219054,-0.14888877
joint_evidence,wm18,256,64,chunk-ablation-wm18#chunk-007,True,0.63230628,0.05352058,0.01322977
trigger_fragment,wm19,256,64,chunk-ablation-wm19#chunk-007,False,0.5177207,0.15189208,-0.04186828
code_fragment,wm19,256,64,chunk-ablation-wm19#chunk-008,False,0.57291567,-0.09108049,-0.33573559
joint_evidence,wm20,256,64,chunk-ablation-wm20#chunk-008,True,0.67754626,-0.00202139,0.10667317
joint_evidence,wm01,256,128,chunk-ablation-wm01#chunk-001,True,0.68323243,0.01564921,-0.00393162
joint_evidence,wm02,256,128,chunk-ablation-wm02#chunk-002,True,0.85020077,-0.27531713,-0.03478299
joint_evidence,wm03,256,128,chunk-ablation-wm03#chunk-002,True,0.67635512,0.02890841,-0.07363233
joint_evidence,wm04,256,128,chunk-ablation-wm04#chunk-003,True,0.72332656,-0.09388325,-0.04290033
joint_evidence,wm05,256,128,chunk-ablation-wm05#chunk-003,True,0.66560984,0.03659857,-0.052527
joint_evidence,wm06,256,128,chunk-ablation-wm06#chunk-004,True,0.5838623,0.09671733,0.14817061
joint_evidence,wm07,256,128,chunk-ablation-wm07#chunk-004,True,0.58735788,0.09825287,-0.00465039
joint_evidence,wm08,256,128,chunk-ablation-wm08#chunk-005,True,0.51342273,0.10114803,0.03211403
joint_evidence,wm09,256,128,chunk-ablation-wm09#chunk-006,True,0.79198647,-0.20213014,-0.16372296
joint_evidence,wm10,256,128,chunk-ablation-wm10#chunk-006,True,0.64800167,0.07123195,0.0298527
joint_evidence,wm11,256,128,chunk-ablation-wm11#chunk-007,True,0.78742176,-0.16096362,-0.04665262
joint_evidence,wm12,256,128,chunk-ablation-wm12#chunk-007,True,0.6849063,-0.03252718,-0.12423763
joint_evidence,wm13,256,128,chunk-ablation-wm13#chunk-008,True,0.4926739,0.12456153,0.18530664
joint_evidence,wm14,256,128,chunk-ablation-wm14#chunk-008,True,0.67561638,0.10816614,0.10480805
joint_evidence,wm15,256,128,chunk-ablation-wm15#chunk-009,True,0.65988934,0.09978729,0.01219266
trigger_fragment,wm16,256,128,chunk-ablation-wm16#chunk-009,False,0.70564485,0.03099467,-0.02312985
code_fragment,wm16,256,128,chunk-ablation-wm16#chunk-010,False,0.59678155,-0.15652423,-0.30363584
joint_evidence,wm17,256,128,chunk-ablation-wm17#chunk-010,True,0.71314502,-0.06316671,0.01541424
joint_evidence,wm18,256,128,chunk-ablation-wm18#chunk-011,True,0.84685659,-0.32056242,0.01059796
joint_evidence,wm19,256,128,chunk-ablation-wm19#chunk-011,True,0.55132592,0.13479753,-0.04458658
joint_evidence,wm20,256,128,chunk-ablation-wm20#chunk-012,True,0.67754626,-0.00202139,0.10667317
joint_evidence,wm01,512,0,chunk-ablation-wm01#chunk-000,True,0.59798598,0.12487373,0.02261193
joint_evidence,wm02,512,0,chunk-ablation-wm02#chunk-000,True,0.60870111,0.13159794,0.0502531
joint_evidence,wm03,512,0,chunk-ablation-wm03#chunk-000,True,0.6223523,0.11387661,0.01732733
trigger_fragment,wm04,512,0,chunk-ablation-wm04#chunk-000,False,0.54718024,0.16564292,0.04663867
code_fragment,wm04,512,0,chunk-ablation-wm04#chunk-001,False,0.57095873,-0.14871109,-0.22886908
trigger_fragment,wm05,512,0,chunk-ablation-wm05#chunk-000,False,0.54351795,0.19066483,0.12288864
code_fragment,wm05,512,0,chunk-ablation-wm05#chunk-001,False,0.586689,-0.0934579,-0.31487441
joint_evidence,wm06,512,0,chunk-ablation-wm06#chunk-001,True,0.53611302,0.15607861,0.14865598
joint_evidence,wm07,512,0,chunk-ablation-wm07#chunk-001,True,0.54927534,0.14116693,0.01375333
joint_evidence,wm08,512,0,chunk-ablation-wm08#chunk-001,True,0.56742728,0.12512475,0.07036126
joint_evidence,wm09,512,0,chunk-ablation-wm09#chunk-001,True,0.53607267,0.15988548,0.03588849
joint_evidence,wm10,512,0,chunk-ablation-wm10#chunk-001,True,0.55543399,0.15031306,0.06245571
trigger_fragment,wm11,512,0,chunk-ablation-wm11#chunk-001,False,0.59776044,0.14283429,0.07938672
code_fragment,wm11,512,0,chunk-ablation-wm11#chunk-002,False,0.56739688,-0.07208686,-0.2103228
trigger_fragment,wm12,512,0,chunk-ablation-wm12#chunk-001,False,0.56785327,0.15259378,0.14010814
code_fragment,wm12,512,0,chunk-ablation-wm12#chunk-002,False,0.54165637,-0.12277555,-0.35020697
joint_evidence,wm13,512,0,chunk-ablation-wm13#chunk-002,True,0.4668428,0.17944562,0.18867086
joint_evidence,wm14,512,0,chunk-ablation-wm14#chunk-002,True,0.60897565,0.17828506,0.13225275
joint_evidence,wm15,512,0,chunk-ablation-wm15#chunk-002,True,0.56495273,0.20868397,0.10667264
joint_evidence,wm16,512,0,chunk-ablation-wm16#chunk-002,True,0.59335124,0.16966826,0.08759331
joint_evidence,wm17,512,0,chunk-ablation-wm17#chunk-002,True,0.57821155,0.11920063,0.06469084
trigger_fragment,wm18,512,0,chunk-ablation-wm18#chunk-002,False,0.53005481,0.18566583,0.14239088
code_fragment,wm18,512,0,chunk-ablation-wm18#chunk-003,False,0.61135077,-0.11068392,-0.12194063
trigger_fragment,wm19,512,0,chunk-ablation-wm19#chunk-002,False,0.46849194,0.24347837,0.17465116
code_fragment,wm19,512,0,chunk-ablation-wm19#chunk-003,False,0.57417721,-0.08990261,-0.33366036
joint_evidence,wm20,512,0,chunk-ablation-wm20#chunk-003,True,0.6768589,-0.00090587,0.1075688
joint_evidence,wm01,512,64,chunk-ablation-wm01#chunk-000,True,0.59798598,0.12487373,0.02261193
joint_evidence,wm02,512,64,chunk-ablation-wm02#chunk-000,True,0.60870111,0.13159794,0.0502531
joint_evidence,wm03,512,64,chunk-ablation-wm03#chunk-000,True,0.6223523,0.11387661,0.01732733
trigger_fragment,wm04,512,64,chunk-ablation-wm04#chunk-000,False,0.54718024,0.16564292,0.04663867
code_fragment,wm04,512,64,chunk-ablation-wm04#chunk-001,False,0.58162761,-0.12975678,-0.34540042
joint_evidence,wm05,512,64,chunk-ablation-wm05#chunk-001,True,0.57596743,0.10589555,0.13527553
joint_evidence,wm06,512,64,chunk-ablation-wm06#chunk-001,True,0.56324691,0.1285363,0.1237471
joint_evidence,wm07,512,64,chunk-ablation-wm07#chunk-001,True,0.53661585,0.13680607,0.04168622
joint_evidence,wm08,512,64,chunk-ablation-wm08#chunk-001,True,0.50925994,0.14066938,0.09424174
joint_evidence,wm09,512,64,chunk-ablation-wm09#chunk-001,True,0.51879019,0.15513335,0.04483479
trigger_fragment,wm10,512,64,chunk-ablation-wm10#chunk-001,False,0.52904069,0.1688551,0.07695875
code_fragment,wm10,512,64,chunk-ablation-wm10#chunk-002,False,0.5654276,-0.06614096,-0.31166124
joint_evidence,wm11,512,64,chunk-ablation-wm11#chunk-002,True,0.7727893,-0.1286785,-0.06186783
joint_evidence,wm12,512,64,chunk-ablation-wm12#chunk-002,True,0.6077075,0.07887834,-0.06627135
joint_evidence,wm13,512,64,chunk-ablation-wm13#chunk-002,True,0.6160453,0.06364505,-0.05219084
joint_evidence,wm14,512,64,chunk-ablation-wm14#chunk-002,True,0.68436778,0.08566043,0.02224217
joint_evidence,wm15,512,64,chunk-ablation-wm15#chunk-002,True,0.63660002,0.12701944,-0.01165126
trigger_fragment,wm16,512,64,chunk-ablation-wm16#chunk-002,False,0.67263657,0.08838388,0.00625829
code_fragment,wm16,512,64,chunk-ablation-wm16#chunk-003,False,0.47902223,0.01511154,-0.26428902
joint_evidence,wm17,512,64,chunk-ablation-wm17#chunk-003,True,0.78537393,-0.25495437,-0.1470837
joint_evidence,wm18,512,64,chunk-ablation-wm18#chunk-003,True,0.58137023,0.10710391,0.01128561
joint_evidence,wm19,512,64,chunk-ablation-wm19#chunk-003,True,0.52457035,0.16041398,-0.04093295
joint_evidence,wm20,512,64,chunk-ablation-wm20#chunk-003,True,0.64233488,0.08109909,0.03285092
joint_evidence,wm01,512,128,chunk-ablation-wm01#chunk-000,True,0.59798598,0.12487373,0.02261193
joint_evidence,wm02,512,128,chunk-ablation-wm02#chunk-000,True,0.60870111,0.13159794,0.0502531
joint_evidence,wm03,512,128,chunk-ablation-wm03#chunk-000,True,0.6223523,0.11387661,0.01732733
joint_evidence,wm04,512,128,chunk-ablation-wm04#chunk-001,True,0.7024231,-0.05480272,-0.05369967
joint_evidence,wm05,512,128,chunk-ablation-wm05#chunk-001,True,0.6412468,0.07942532,-0.01663912
joint_evidence,wm06,512,128,chunk-ablation-wm06#chunk-001,True,0.68901753,0.03506527,0.05345833
joint_evidence,wm07,512,128,chunk-ablation-wm07#chunk-001,True,0.59632599,0.11416271,-0.02406428
joint_evidence,wm08,512,128,chunk-ablation-wm08#chunk-001,True,0.608024,0.09069952,0.01719362
joint_evidence,wm09,512,128,chunk-ablation-wm09#chunk-002,True,0.78953016,-0.18652561,-0.15232085
joint_evidence,wm10,512,128,chunk-ablation-wm10#chunk-002,True,0.58307689,0.14472005,0.04054046
joint_evidence,wm11,512,128,chunk-ablation-wm11#chunk-002,True,0.61364675,0.11516271,0.01784411
joint_evidence,wm12,512,128,chunk-ablation-wm12#chunk-002,True,0.61890167,0.0713217,-0.03872089
joint_evidence,wm13,512,128,chunk-ablation-wm13#chunk-002,True,0.60829318,0.07099266,-0.02729215
joint_evidence,wm14,512,128,chunk-ablation-wm14#chunk-002,True,0.65780342,0.09823288,0.03249643
joint_evidence,wm15,512,128,chunk-ablation-wm15#chunk-003,True,0.60837388,0.16105139,0.02860181
joint_evidence,wm16,512,128,chunk-ablation-wm16#chunk-003,True,0.630238,0.12149757,0.00633636
joint_evidence,wm17,512,128,chunk-ablation-wm17#chunk-003,True,0.60480654,0.07973583,-0.01270111
joint_evidence,wm18,512,128,chunk-ablation-wm18#chunk-003,True,0.60463572,0.08491834,0.00889423
joint_evidence,wm19,512,128,chunk-ablation-wm19#chunk-003,True,0.5705601,0.12925577,-0.03681166
joint_evidence,wm20,512,128,chunk-ablation-wm20#chunk-004,True,0.67685878,-0.00090585,0.10756923
joint_evidence,wm01,1024,0,chunk-ablation-wm01#chunk-000,True,0.56664479,0.1595154,0.02640978
joint_evidence,wm02,1024,0,chunk-ablation-wm02#chunk-000,True,0.56732821,0.17295465,0.05081873
joint_evidence,wm03,1024,0,chunk-ablation-wm03#chunk-000,True,0.598454,0.14160678,0.01782985
joint_evidence,wm04,1024,0,chunk-ablation-wm04#chunk-000,True,0.54369068,0.15011464,-0.00523992
joint_evidence,wm05,1024,0,chunk-ablation-wm05#chunk-000,True,0.55121094,0.16570202,0.02663903
joint_evidence,wm06,1024,0,chunk-ablation-wm06#chunk-000,True,0.55994487,0.16803874,0.10298642
joint_evidence,wm07,1024,0,chunk-ablation-wm07#chunk-000,True,0.50337458,0.18905601,0.03666499
joint_evidence,wm08,1024,0,chunk-ablation-wm08#chunk-000,True,0.51538181,0.18429378,0.07105341
joint_evidence,wm09,1024,0,chunk-ablation-wm09#chunk-000,True,0.51824152,0.18047298,0.02779165
joint_evidence,wm10,1024,0,chunk-ablation-wm10#chunk-000,True,0.53146452,0.17716424,0.03552965
trigger_fragment,wm11,1024,0,chunk-ablation-wm11#chunk-000,False,0.57445252,0.17224516,0.05405086
code_fragment,wm11,1024,0,chunk-ablation-wm11#chunk-001,False,0.55578887,-0.03674956,-0.20793249
trigger_fragment,wm12,1024,0,chunk-ablation-wm12#chunk-000,False,0.53967249,0.18214545,0.11112547
code_fragment,wm12,1024,0,chunk-ablation-wm12#chunk-001,False,0.53925228,-0.08623189,-0.33538911
joint_evidence,wm13,1024,0,chunk-ablation-wm13#chunk-001,True,0.4642992,0.19300731,0.1699928
joint_evidence,wm14,1024,0,chunk-ablation-wm14#chunk-001,True,0.60814083,0.18292788,0.12185975
joint_evidence,wm15,1024,0,chunk-ablation-wm15#chunk-001,True,0.54085338,0.22722094,0.09932345
joint_evidence,wm16,1024,0,chunk-ablation-wm16#chunk-001,True,0.56799811,0.20022547,0.09167123
joint_evidence,wm17,1024,0,chunk-ablation-wm17#chunk-001,True,0.54177868,0.15844584,0.0788857
joint_evidence,wm18,1024,0,chunk-ablation-wm18#chunk-001,True,0.52388906,0.18327576,0.11607502
joint_evidence,wm19,1024,0,chunk-ablation-wm19#chunk-001,True,0.49615082,0.20292032,0.07167216
joint_evidence,wm20,1024,0,chunk-ablation-wm20#chunk-001,True,0.60717762,0.13118291,0.13486955
joint_evidence,wm01,1024,64,chunk-ablation-wm01#chunk-000,True,0.56664479,0.1595154,0.02640978
joint_evidence,wm02,1024,64,chunk-ablation-wm02#chunk-000,True,0.56732821,0.17295465,0.05081873
joint_evidence,wm03,1024,64,chunk-ablation-wm03#chunk-000,True,0.598454,0.14160678,0.01782985
joint_evidence,wm04,1024,64,chunk-ablation-wm04#chunk-000,True,0.54369068,0.15011464,-0.00523992
joint_evidence,wm05,1024,64,chunk-ablation-wm05#chunk-000,True,0.55121094,0.16570202,0.02663903
joint_evidence,wm06,1024,64,chunk-ablation-wm06#chunk-000,True,0.55994487,0.16803874,0.10298642
joint_evidence,wm07,1024,64,chunk-ablation-wm07#chunk-000,True,0.50337458,0.18905601,0.03666499
joint_evidence,wm08,1024,64,chunk-ablation-wm08#chunk-000,True,0.51538181,0.18429378,0.07105341
joint_evidence,wm09,1024,64,chunk-ablation-wm09#chunk-000,True,0.51824152,0.18047298,0.02779165
joint_evidence,wm10,1024,64,chunk-ablation-wm10#chunk-000,True,0.53146452,0.17716424,0.03552965
trigger_fragment,wm11,1024,64,chunk-ablation-wm11#chunk-000,False,0.57445252,0.17224516,0.05405086
code_fragment,wm11,1024,64,chunk-ablation-wm11#chunk-001,False,0.54811102,-0.04678379,-0.33157203
joint_evidence,wm12,1024,64,chunk-ablation-wm12#chunk-001,True,0.65195358,-0.02223051,-0.08198437
joint_evidence,wm13,1024,64,chunk-ablation-wm13#chunk-001,True,0.59915358,0.08375853,-0.03968089
joint_evidence,wm14,1024,64,chunk-ablation-wm14#chunk-001,True,0.65505439,0.11333844,0.02890944
joint_evidence,wm15,1024,64,chunk-ablation-wm15#chunk-001,True,0.59155172,0.16792735,0.00304535
joint_evidence,wm16,1024,64,chunk-ablation-wm16#chunk-001,True,0.61254531,0.15328446,0.03002394
joint_evidence,wm17,1024,64,chunk-ablation-wm17#chunk-001,True,0.57503223,0.11362652,-0.00199522
joint_evidence,wm18,1024,64,chunk-ablation-wm18#chunk-001,True,0.58994502,0.10559843,0.03741701
joint_evidence,wm19,1024,64,chunk-ablation-wm19#chunk-001,True,0.54354173,0.15266924,-0.00445052
joint_evidence,wm20,1024,64,chunk-ablation-wm20#chunk-001,True,0.6476742,0.08828132,0.06444608
joint_evidence,wm01,1024,128,chunk-ablation-wm01#chunk-000,True,0.56664479,0.1595154,0.02640978
joint_evidence,wm02,1024,128,chunk-ablation-wm02#chunk-000,True,0.56732821,0.17295465,0.05081873
joint_evidence,wm03,1024,128,chunk-ablation-wm03#chunk-000,True,0.598454,0.14160678,0.01782985
joint_evidence,wm04,1024,128,chunk-ablation-wm04#chunk-000,True,0.54369068,0.15011464,-0.00523992
joint_evidence,wm05,1024,128,chunk-ablation-wm05#chunk-000,True,0.55121094,0.16570202,0.02663903
joint_evidence,wm06,1024,128,chunk-ablation-wm06#chunk-000,True,0.55994487,0.16803874,0.10298642
joint_evidence,wm07,1024,128,chunk-ablation-wm07#chunk-000,True,0.50337458,0.18905601,0.03666499
joint_evidence,wm08,1024,128,chunk-ablation-wm08#chunk-000,True,0.51538181,0.18429378,0.07105341
joint_evidence,wm09,1024,128,chunk-ablation-wm09#chunk-000,True,0.51824152,0.18047298,0.02779165
joint_evidence,wm10,1024,128,chunk-ablation-wm10#chunk-000,True,0.53146452,0.17716424,0.03552965
joint_evidence,wm11,1024,128,chunk-ablation-wm11#chunk-001,True,0.74374282,-0.08159639,-0.06088703
joint_evidence,wm12,1024,128,chunk-ablation-wm12#chunk-001,True,0.56950086,0.12205401,-0.05008838
joint_evidence,wm13,1024,128,chunk-ablation-wm13#chunk-001,True,0.56128371,0.12837128,-0.03397449
joint_evidence,wm14,1024,128,chunk-ablation-wm14#chunk-001,True,0.63831097,0.13675371,0.02876985
joint_evidence,wm15,1024,128,chunk-ablation-wm15#chunk-001,True,0.581393,0.17970763,0.00481678
joint_evidence,wm16,1024,128,chunk-ablation-wm16#chunk-001,True,0.59258258,0.17017041,0.02394027
joint_evidence,wm17,1024,128,chunk-ablation-wm17#chunk-001,True,0.56392896,0.12683295,0.00055101
joint_evidence,wm18,1024,128,chunk-ablation-wm18#chunk-001,True,0.58270031,0.11966473,0.04661559
joint_evidence,wm19,1024,128,chunk-ablation-wm19#chunk-001,True,0.52153945,0.17423576,0.00405916
joint_evidence,wm20,1024,128,chunk-ablation-wm20#chunk-001,True,0.6332761,0.10782355,0.07047728
