chunk_size_chars,overlap_chars,corpus_chunk_count,retriever,condition,sample_count,joint_evidence_preservation_rate,mean_joint_evidence_copy_count,target_mrr_all_pairs,target_mrr_preserved_only,median_target_rank_preserved_only,target_hit_at_1_all_pairs,target_hit_at_1_preserved_only,target_hit_at_5_all_pairs,target_hit_at_5_preserved_only,target_hit_at_10_all_pairs,target_hit_at_10_preserved_only,target_hit_at_20_all_pairs,target_hit_at_20_preserved_only
256,0,165,bm25,normal,20,0.5,0.5,0.041321,0.082642,13.0,0,0,0,0,0.1,0.2,0.45,0.9
256,0,165,bm25,trigger_only,20,0.5,0.5,0.126667,0.253333,5.0,0,0,0.5,1,0.5,1,0.5,1
256,0,165,bm25,verification,20,0.5,0.5,0.5,1.0,1.0,0.5,1,0.5,1,0.5,1,0.5,1
256,0,165,dense,normal,20,0.5,0.5,0.023979,0.047958,27.5,0,0,0,0,0.05,0.1,0.15,0.3
256,0,165,dense,trigger_only,20,0.5,0.5,0.165606,0.331212,3.0,0,0,0.45,0.9,0.45,0.9,0.45,0.9
256,0,165,dense,verification,20,0.5,0.5,0.35625,0.7125,1.0,0.3,0.6,0.45,0.9,0.45,0.9,0.45,0.9
256,0,165,rrf_hybrid,normal,20,0.5,0.5,0.03471,0.069419,15.5,0,0,0,0,0.1,0.2,0.35,0.7
256,0,165,rrf_hybrid,trigger_only,20,0.5,0.5,0.145417,0.290833,4.0,0,0,0.4,0.8,0.5,1,0.5,1
256,0,165,rrf_hybrid,verification,20,0.5,0.5,0.455556,0.911111,1.0,0.45,0.9,0.45,0.9,0.5,1,0.5,1
256,0,165,qwen3_reranker,normal,20,0.5,0.5,0.027859,0.055718,14,0,0,0,0,0.1,0.2,0.35,0.7
256,0,165,qwen3_reranker,trigger_only,20,0.5,0.5,0.191667,0.383333,3.0,0,0,0.5,1,0.5,1,0.5,1
256,0,165,qwen3_reranker,verification,20,0.5,0.5,0.5,1.0,1.0,0.5,1,0.5,1,0.5,1,0.5,1
256,64,205,bm25,normal,20,0.65,0.65,0.053591,0.082448,14,0,0,0,0,0.2,0.307692,0.5,0.769231
256,64,205,bm25,trigger_only,20,0.65,0.65,0.166786,0.256593,5,0,0,0.45,0.692308,0.65,1,0.65,1
256,64,205,bm25,verification,20,0.65,0.65,0.65,1.0,1,0.65,1,0.65,1,0.65,1,0.65,1
256,64,205,dense,normal,20,0.65,0.65,0.04853,0.074662,21,0,0,0.1,0.153846,0.15,0.230769,0.3,0.461538
256,64,205,dense,trigger_only,20,0.65,0.65,0.23381,0.359707,3,0,0,0.6,0.923077,0.65,1,0.65,1
256,64,205,dense,verification,20,0.65,0.65,0.608333,0.935897,1,0.6,0.923077,0.6,0.923077,0.65,1,0.65,1
256,64,205,rrf_hybrid,normal,20,0.65,0.65,0.058534,0.090053,16,0,0,0.1,0.153846,0.25,0.384615,0.45,0.692308
256,64,205,rrf_hybrid,trigger_only,20,0.65,0.65,0.230833,0.355128,3,0,0,0.6,0.923077,0.65,1,0.65,1
256,64,205,rrf_hybrid,verification,20,0.65,0.65,0.65,1.0,1,0.65,1,0.65,1,0.65,1,0.65,1
256,64,205,qwen3_reranker,normal,20,0.65,0.65,0.035858,0.055166,16,0,0,0,0,0.1,0.153846,0.45,0.692308
256,64,205,qwen3_reranker,trigger_only,20,0.65,0.65,0.251667,0.387179,3,0,0,0.65,1,0.65,1,0.65,1
256,64,205,qwen3_reranker,verification,20,0.65,0.65,0.65,1.0,1,0.65,1,0.65,1,0.65,1,0.65,1
256,128,285,bm25,normal,20,0.95,0.95,0.059781,0.062927,19,0,0,0,0,0.15,0.157895,0.55,0.578947
256,128,285,bm25,trigger_only,20,0.95,0.95,0.227143,0.239098,5,0,0,0.65,0.684211,0.95,1,0.95,1
256,128,285,bm25,verification,20,0.95,0.95,0.925,0.973684,1,0.9,0.947368,0.95,1,0.95,1,0.95,1
256,128,285,dense,normal,20,0.95,0.95,0.057777,0.060818,29,0,0,0.05,0.052632,0.2,0.210526,0.25,0.263158
256,128,285,dense,trigger_only,20,0.95,0.95,0.299615,0.315385,3,0,0,0.7,0.736842,0.85,0.894737,0.9,0.947368
256,128,285,dense,verification,20,0.95,0.95,0.634137,0.667513,1,0.55,0.578947,0.7,0.736842,0.8,0.842105,0.8,0.842105
256,128,285,rrf_hybrid,normal,20,0.95,0.95,0.06597,0.069442,20,0,0,0.1,0.105263,0.15,0.157895,0.5,0.526316
256,128,285,rrf_hybrid,trigger_only,20,0.95,0.95,0.290513,0.305803,4,0,0,0.85,0.894737,0.9,0.947368,0.95,1
256,128,285,rrf_hybrid,verification,20,0.95,0.95,0.796212,0.838118,1,0.75,0.789474,0.85,0.894737,0.85,0.894737,0.95,1
256,128,285,qwen3_reranker,normal,20,0.95,0.95,0.038141,0.040148,13.0,0,0,0,0,0.1,0.105263,0.5,0.526316
256,128,285,qwen3_reranker,trigger_only,20,0.95,0.95,0.349167,0.367544,3,0,0,0.95,1,0.95,1,0.95,1
256,128,285,qwen3_reranker,verification,20,0.95,0.95,0.95,1.0,1,0.95,1,0.95,1,0.95,1,0.95,1
512,0,85,bm25,normal,20,0.7,0.7,0.051785,0.073978,15.0,0,0,0,0,0.1,0.142857,0.65,0.928571
512,0,85,bm25,trigger_only,20,0.7,0.7,0.174167,0.24881,5.0,0,0,0.65,0.928571,0.7,1,0.7,1
512,0,85,bm25,verification,20,0.7,0.7,0.7,1.0,1.0,0.7,1,0.7,1,0.7,1,0.7,1
512,0,85,dense,normal,20,0.7,0.7,0.03792,0.054171,21.0,0,0,0,0,0.05,0.071429,0.35,0.5
512,0,85,dense,trigger_only,20,0.7,0.7,0.155,0.221429,5.0,0,0,0.5,0.714286,0.65,0.928571,0.7,1
512,0,85,dense,verification,20,0.7,0.7,0.260119,0.371599,5.0,0.1,0.142857,0.35,0.5,0.65,0.928571,0.65,0.928571
512,0,85,rrf_hybrid,normal,20,0.7,0.7,0.046588,0.066554,16.5,0,0,0,0,0.15,0.214286,0.5,0.714286
512,0,85,rrf_hybrid,trigger_only,20,0.7,0.7,0.162143,0.231633,4.5,0,0,0.5,0.714286,0.7,1,0.7,1
512,0,85,rrf_hybrid,verification,20,0.7,0.7,0.607143,0.867347,1.0,0.55,0.785714,0.65,0.928571,0.7,1,0.7,1
512,0,85,qwen3_reranker,normal,20,0.7,0.7,0.036855,0.052649,15.5,0,0,0,0,0.1,0.142857,0.5,0.714286
512,0,85,qwen3_reranker,trigger_only,20,0.7,0.7,0.283333,0.404762,2.0,0,0,0.65,0.928571,0.7,1,0.7,1
512,0,85,qwen3_reranker,verification,20,0.7,0.7,0.7,1.0,1.0,0.7,1,0.7,1,0.7,1,0.7,1
512,64,85,bm25,normal,20,0.85,0.85,0.069202,0.081414,16,0,0,0,0,0.25,0.294118,0.7,0.823529
512,64,85,bm25,trigger_only,20,0.85,0.85,0.203333,0.239216,5,0,0,0.65,0.764706,0.85,1,0.85,1
512,64,85,bm25,verification,20,0.85,0.85,0.85,1.0,1,0.85,1,0.85,1,0.85,1,0.85,1
512,64,85,dense,normal,20,0.85,0.85,0.053719,0.063199,18,0,0,0,0,0.15,0.176471,0.55,0.647059
512,64,85,dense,trigger_only,20,0.85,0.85,0.232917,0.27402,5,0,0,0.55,0.647059,0.85,1,0.85,1
512,64,85,dense,verification,20,0.85,0.85,0.480893,0.565756,2,0.35,0.411765,0.6,0.705882,0.8,0.941176,0.85,1
512,64,85,rrf_hybrid,normal,20,0.85,0.85,0.065366,0.076902,15,0,0,0,0,0.25,0.294118,0.7,0.823529
512,64,85,rrf_hybrid,trigger_only,20,0.85,0.85,0.240833,0.283333,5,0,0,0.7,0.823529,0.85,1,0.85,1
512,64,85,rrf_hybrid,verification,20,0.85,0.85,0.725,0.852941,1,0.65,0.764706,0.85,1,0.85,1,0.85,1
512,64,85,qwen3_reranker,normal,20,0.85,0.85,0.063982,0.075273,14.0,0,0,0,0,0.3,0.352941,0.7,0.823529
512,64,85,qwen3_reranker,trigger_only,20,0.85,0.85,0.341667,0.401961,2,0,0,0.8,0.941176,0.85,1,0.85,1
512,64,85,qwen3_reranker,verification,20,0.85,0.85,0.85,1.0,1,0.85,1,0.85,1,0.85,1,0.85,1
512,128,105,bm25,normal,20,1,1,0.069398,0.069398,17.5,0,0,0,0,0.2,0.2,0.65,0.65
512,128,105,bm25,trigger_only,20,1,1,0.211667,0.211667,5.0,0,0,0.65,0.65,1,1,1,1
512,128,105,bm25,verification,20,1,1,0.975,0.975,1.0,0.95,0.95,1,1,1,1,1,1
512,128,105,dense,normal,20,1,1,0.055957,0.055957,21.5,0,0,0,0,0.1,0.1,0.45,0.45
512,128,105,dense,trigger_only,20,1,1,0.3175,0.3175,3.5,0,0,0.9,0.9,1,1,1,1
512,128,105,dense,verification,20,1,1,0.7075,0.7075,1.5,0.5,0.5,1,1,1,1,1,1
512,128,105,rrf_hybrid,normal,20,1,1,0.072829,0.072829,18.5,0,0,0,0,0.3,0.3,0.55,0.55
512,128,105,rrf_hybrid,trigger_only,20,1,1,0.28,0.28,4.0,0,0,0.8,0.8,1,1,1,1
512,128,105,rrf_hybrid,verification,20,1,1,1.0,1.0,1.0,1,1,1,1,1,1,1,1
512,128,105,qwen3_reranker,normal,20,1,1,0.046815,0.046815,16,0,0,0,0,0.15,0.15,0.55,0.55
512,128,105,qwen3_reranker,trigger_only,20,1,1,0.3725,0.3725,3.0,0,0,0.95,0.95,1,1,1,1
512,128,105,qwen3_reranker,verification,20,1,1,1.0,1.0,1.0,1,1,1,1,1,1,1,1
1024,0,45,bm25,normal,20,0.9,0.9,0.066704,0.074116,15.5,0,0,0,0,0.15,0.166667,0.6,0.666667
1024,0,45,bm25,trigger_only,20,0.9,0.9,0.205833,0.228704,5.0,0,0,0.65,0.722222,0.9,1,0.9,1
1024,0,45,bm25,verification,20,0.9,0.9,0.9,1.0,1.0,0.9,1,0.9,1,0.9,1,0.9,1
1024,0,45,dense,normal,20,0.9,0.9,0.057357,0.06373,19.5,0,0,0,0,0.15,0.166667,0.55,0.611111
1024,0,45,dense,trigger_only,20,0.9,0.9,0.201111,0.223457,4.5,0,0,0.65,0.722222,0.85,0.944444,0.9,1
1024,0,45,dense,verification,20,0.9,0.9,0.491667,0.546296,3.0,0.3,0.333333,0.85,0.944444,0.85,0.944444,0.9,1
1024,0,45,rrf_hybrid,normal,20,0.9,0.9,0.059727,0.066363,17.5,0,0,0,0,0.15,0.166667,0.5,0.555556
1024,0,45,rrf_hybrid,trigger_only,20,0.9,0.9,0.209167,0.232407,4.0,0,0,0.65,0.722222,0.9,1,0.9,1
1024,0,45,rrf_hybrid,verification,20,0.9,0.9,0.86,0.955556,1.0,0.85,0.944444,0.9,1,0.9,1,0.9,1
1024,0,45,qwen3_reranker,normal,20,0.9,0.9,0.048087,0.05343,10.5,0,0,0,0,0.25,0.277778,0.5,0.555556
1024,0,45,qwen3_reranker,trigger_only,20,0.9,0.9,0.3475,0.386111,2.5,0,0,0.85,0.944444,0.9,1,0.9,1
1024,0,45,qwen3_reranker,verification,20,0.9,0.9,0.9,1.0,1.0,0.9,1,0.9,1,0.9,1,0.9,1
1024,64,45,bm25,normal,20,0.95,0.95,0.072884,0.07672,16,0,0,0,0,0.2,0.210526,0.65,0.684211
1024,64,45,bm25,trigger_only,20,0.95,0.95,0.211667,0.222807,5,0,0,0.7,0.736842,0.95,1,0.95,1
1024,64,45,bm25,verification,20,0.95,0.95,0.95,1.0,1,0.95,1,0.95,1,0.95,1,0.95,1
1024,64,45,dense,normal,20,0.95,0.95,0.070062,0.07375,20,0,0,0.05,0.052632,0.25,0.263158,0.55,0.578947
1024,64,45,dense,trigger_only,20,0.95,0.95,0.257879,0.271451,4,0,0,0.7,0.736842,0.9,0.947368,0.95,1
1024,64,45,dense,verification,20,0.95,0.95,0.613472,0.64576,1,0.5,0.526316,0.75,0.789474,0.95,1,0.95,1
1024,64,45,rrf_hybrid,normal,20,0.95,0.95,0.071728,0.075503,20,0,0,0.05,0.052632,0.2,0.210526,0.6,0.631579
1024,64,45,rrf_hybrid,trigger_only,20,0.95,0.95,0.232976,0.245238,4,0,0,0.7,0.736842,0.95,1,0.95,1
1024,64,45,rrf_hybrid,verification,20,0.95,0.95,0.826667,0.870175,1,0.75,0.789474,0.95,1,0.95,1,0.95,1
1024,64,45,qwen3_reranker,normal,20,0.95,0.95,0.057377,0.060397,12.5,0,0,0.05,0.052632,0.2,0.210526,0.6,0.631579
1024,64,45,qwen3_reranker,trigger_only,20,0.95,0.95,0.3575,0.376316,3,0,0,0.9,0.947368,0.95,1,0.95,1
1024,64,45,qwen3_reranker,verification,20,0.95,0.95,0.95,1.0,1,0.95,1,0.95,1,0.95,1,0.95,1
1024,128,45,bm25,normal,20,1,1,0.074837,0.074837,17.0,0,0,0,0,0.2,0.2,0.65,0.65
1024,128,45,bm25,trigger_only,20,1,1,0.224167,0.224167,5.0,0,0,0.75,0.75,1,1,1,1
1024,128,45,bm25,verification,20,1,1,1.0,1.0,1.0,1,1,1,1,1,1,1,1
1024,128,45,dense,normal,20,1,1,0.069623,0.069623,18.0,0,0,0,0,0.25,0.25,0.6,0.6
1024,128,45,dense,trigger_only,20,1,1,0.244665,0.244665,4.5,0,0,0.65,0.65,0.95,0.95,1,1
1024,128,45,dense,verification,20,1,1,0.511032,0.511032,2.5,0.3,0.3,0.9,0.9,1,1,1,1
1024,128,45,rrf_hybrid,normal,20,1,1,0.077843,0.077843,18.5,0,0,0.05,0.05,0.25,0.25,0.6,0.6
1024,128,45,rrf_hybrid,trigger_only,20,1,1,0.23631,0.23631,5.0,0,0,0.7,0.7,1,1,1,1
1024,128,45,rrf_hybrid,verification,20,1,1,0.866667,0.866667,1.0,0.75,0.75,1,1,1,1,1,1
1024,128,45,qwen3_reranker,normal,20,1,1,0.060462,0.060462,10.0,0,0,0.05,0.05,0.35,0.35,0.6,0.6
1024,128,45,qwen3_reranker,trigger_only,20,1,1,0.374167,0.374167,3.0,0,0,0.95,0.95,1,1,1,1
1024,128,45,qwen3_reranker,verification,20,1,1,1.0,1.0,1.0,1,1,1,1,1,1,1,1
